type,green_percent,contig,enn,fwei_change_mean,flood_share,np_flood,flood_clumpy
Type 1,0.8241385778595436,0.4096756226639654,-0.2856900405144259,1.4377747540057102,2.1625946953009154,-0.4154130641169814,0.4819824558736204
Type 2,-0.5814245977390028,-0.6089384664887263,0.21682190972515075,-0.11578822711062713,-0.2930518790037317,0.05586479411267091,0.4715067333798231
Type 3,0.5793539426564208,0.774096705892826,-0.06855641771908408,0.14217260746709123,-0.057114172225983174,0.7465790328500551,0.31424110690409024
Type 4,-0.4251402496030133,-0.43414295822445664,-0.131478924997972,-1.0408307204475231,-0.807481108867582,-1.2136159550537458,-1.9336132783506932
