type,green_percent,contig,enn,fwei_change_mean,flood_share,np_flood,flood_clumpy
Type 1,46.99930609085073,0.5195496113337387,8.89452993542468,0.08122703338697013,0.6956348829064177,1.6162790697674418,0.7873750241901721
Type 2,10.616324868675827,0.22810086853406839,16.273151584510188,0.0074933941803549025,0.12083843693608838,2.4925752508361203,0.7839748774865904
Type 3,40.663059566549485,0.6238188018817443,12.082806053312414,0.019736471118583333,0.17606468844365367,3.7768924302788847,0.7329305507812062
Type 4,14.661742820900889,0.2781138535036581,11.158884991930357,-0.036410039593201125,4.2530577827304704e-4,0.13209700427960058,0.003335557912388647
