type,green_percent,area,contig,enn,fwei_change_mean,flood_share,np_flood,flood_clumpy
Type 1,29.175768860485856,0.10865177481921827,0.3590637754938486,12.746567915878863,0.07621548938084634,0.6317915228631936,1.8247334754797442,0.8036042524511764
Type 2,74.88594565896614,0.6679459915353502,0.8353209452215218,2.790825916148388,0.029688633469358086,0.349047464042523,2.3824546240276576,0.7254749236780861
Type 3,19.429367280416557,0.06831041682416975,0.3705700423089975,15.57648067388565,0.01143214975729653,0.12510659074541314,3.1334949427401155,0.7542519400371643
Type 4,11.602444077614809,0.05003444538859153,0.24824589806124236,11.574582214149842,-0.036829858934800584,8.207429265934354e-4,0.14683244523386618,0.009592812424490876
