type,green_percent,contig,enn,fwei_change_mean,flood_share,np_flood,flood_clumpy,elevation_mean,slope_mean
Type 1,-0.41043056147048607,-0.42468200421537666,-0.13811136306901517,-1.0325835540569424,-0.8075906120543422,-1.212238047988384,-1.9355010260080587,-0.1988882938248207,-0.23230197810075354
Type 2,-0.2983520279692667,-0.5707862816241659,0.020534784321498106,-0.22820604521714277,-0.2036528497296131,0.048769977577839775,0.5323152600539786,-0.866814475772067,-0.32963401333047165
Type 3,1.0998074492894707,0.6028903365888214,-0.33605579426237453,1.2398681036727823,1.8876948238104463,-0.2568995314009168,0.48873645428064066,-0.41088836779587534,0.27814590035122283
Type 4,0.009316937259125573,0.4392104063436602,0.18134803425481336,0.19161242901948466,-0.19175774079594263,0.6376473773713784,0.28464634904134684,0.9786806942036808,0.2751427634771651
