type,green_percent,area,gyrate,contig,enn
Type 1,-0.7312840736246076,-0.57409253430124,-0.8347111263651762,-0.9399289530166499,-0.2892814778738643
Type 2,1.9252717060421694,2.5426706533750827,2.0581808364982725,1.5758084518158342,-0.7867542924719885
Type 3,0.3366451804289577,-0.00706625548054903,0.36327664239495394,0.5437457560076397,0.014345741048148265
Type 4,-0.5188465376470738,-0.3893385993828591,-0.2997312590170195,-0.04090480966713066,2.4595622185992805
