type,flood_share,np_flood,flood_cohesion,flood_clumpy,flood_lpi
Type 1,-0.30661978123674916,-0.1822420729901652,0.26891220304406244,0.5542859800454895,-0.2792945127126561
Type 2,-0.8059085031312454,-1.1549334790020238,-1.813615314223865,-1.877457713053913,-0.6968460977129955
Type 3,1.9799533517216004,-0.37504388434183245,0.9737256855920146,0.534250867276089,2.04743665096404
Type 4,-0.09164818091848774,1.4053563365016921,0.30749550590166336,0.14192948327367072,-0.2611757230395925
