type,flood_share,np_flood,flood_cohesion,flood_clumpy,flood_lpi
Type 1,-0.3066197812367512,-0.1822420729901583,0.2689122030440651,0.5542859800454913,-0.279294512712658
Type 2,-0.09164818091848827,1.4053563365016908,0.3074955059016622,0.14192948327367064,-0.26117572303959224
Type 3,-0.805908503131174,-1.154933479002165,-1.8136153142237539,-1.8774577130538295,-0.6968460977129498
Type 4,1.979953351721605,-0.375043884341874,0.9737256855920046,0.5342508672760893,2.0474366509640465
