type,flood_share,np_flood,flood_cohesion,flood_clumpy,flood_lpi
Type 1,-0.48639430691560853,-0.29090890190096647,0.02299426516420571,0.41339477551617,-0.3990529869414705
Type 2,0.13383487426290794,1.0741884342489838,0.4416870655348539,0.22547486706713887,-0.06569136241710659
Type 3,2.021519724141403,-0.3337078529415249,1.0083416568682089,0.5991397662144655,2.104206182706373
Type 4,-0.8487308401485106,-1.3398599752641684,-1.9666405391777892,-2.1416527382259622,-0.7066263086083424
