type,flood_share,np_flood,flood_cohesion,flood_clumpy,flood_lpi
Type 1,7.405395744677287e-4,0.23709239130434784,0.4401488466749977,0.005945209599464743,0.054675764574718594
Type 2,0.18717040143147806,4.965277777777778,77.93156528676494,0.6962741306762512,11.268386538626114
Type 3,0.06920715533877334,2.292996910401648,64.40489637478437,0.750677114367105,5.416969055122403
Type 4,0.544951996086576,2.2072072072072073,96.13680948642381,0.8048300710909942,49.217602528659775
