metric_1,metric_2,correlation,abs_correlation
flood_share,pland_flood,1,1
elevation_mean,elevation_min,0.9999977032373855,0.9999977032373855
flood_share,flood_lpi,0.9788204670613877,0.9788204670613877
pland_flood,flood_lpi,0.9788204670613877,0.9788204670613877
gyrate,contig,0.9052385939175026,0.9052385939175026
area,gyrate,0.8692382161709894,0.8692382161709894
green_percent,area,0.8437644955978231,0.8437644955978231
flood_cohesion,flood_clumpy,0.8417545822716015,0.8417545822716015
